{
    "AcF3": 0.78020914643554,
    "Al2(SO4)3": 0.8135930256533125,
    "Al2P3(HO3)3": 0.750343622284826,
    "AlP3H10O11": 0.7047496870557727,
    "Ba2SrMg4F14": 0.7332523088426489,
    "Ba5Y3F19": 0.7101071724627054,
    "Ba7(ClF6)2": 0.7452822245342684,
    "BaB2S3O13": 0.773482909020613,
    "BaC2S2(OF)6": 0.7110611183396244,
    "BaF2": 0.7616845114776992,
    "Be2P2O7": 0.7387782130092696,
    "Ag2H2C2N6O13": 0.7037496830288855,
    "Ag2WO4": 0.8240428294006895,
    "Ag5CF4": 0.7281115965156932,
    "AgB(CN)4": 0.712799743416159,
    "AgCN": 0.7165585156934107
}