{
    "C": 0.6674211782591333,
    "C60": 0.6674211782591333,
    "Si": 0.6120262419498099,
    "Si24": 0.6120262419498099,
    "BaSe2": 0.49678379418438,
    "BaSe3": 0.6696763643925492,
    "BaSi2": 0.588133726514423,
    "BaTe3": 0.638940367055053,
    "C3S8": 0.6277643468931826,
    "GeS": 0.6818981609958594,
    "GeSe": 0.5972320219147473,
    "HfO2": 0.6635113142747757,
    "HfS2": 0.662294568617404,
    "HfS3": 0.548569914910826,
    "MoO3": 0.6843110728295974,
    "Pb2O3": 0.6206441000778152,
    "PtO2": 0.569308385749273,
    "RuS2": 0.5759323123497101,
    "SnO2": 0.6204429105530223,
    "SnS": 0.6397808460030184,
    "Sn2S3": 0.6074123440424105,
    "ZnO": 0.6498665557039421,
    "ZrS3": 0.6091760683477109,
    "BaC2O4": 0.6566336239050001,
    "Ba2GeSe4": 0.6491720763437124,
    "BaHfS3": 0.655105427680371,
    "Ba2HfS4": 0.6160659453723029,
    "Ba4Hf3S10": 0.5360390407089041,
    "Ba5Hf4S13": 0.5232410714717429,
    "Ba6Hf5S16": 0.5345043641995773,
    "BaPdS2": 0.4627899252573324,
    "Ba(PdS2)2": 0.5016159591399366,
    "Ba2SiTe4": 0.5996769796571384,
    "BaSnO3": 0.5454893668848003,
    "BaSn2S3": 0.6956720562156208,
    "Ba6Sn7S20": 0.6770159150454502,
    "Ba2SnSe4": 0.6438293848229326,
    "Ba2SnSe5": 0.6223861430429473,
    "Ba6Sn6Se13": 0.35477463638395984,
    "Ba3Te4O11": 0.6521656210952429,
    "BaTi6O13": 0.6564117789848188,
    "Ba2Ti9O20": 0.6511253965998328,
    "Ba3WO6": 0.6059936807846876,
    "BaZrS3": 0.652001350840035,
    "Ba2ZrS4": 0.581208646554128,
    "Ba3Zr2S7": 0.6946829150018906,
    "Ba4Zr3S10": 0.5279750669320589,
    "CaGeO3": 0.656257397104447,
    "Ca5Ge3O11": 0.6554099109181966,
    "CaHf4O9": 0.6915985927949883,
    "CaPbO3": 0.6646885868258042,
    "Ca2Se3O8": 0.6724154725843976,
    "CaSiO3": 0.6982528780166275,
    "Ca3SiO5": 0.6910693472212568,
    "Ge3Pb11O17": 0.6703078215723763,
    "GePdS3": 0.6229673861765832,
    "HfSnS3": 0.6524109957098636,
    "MgS2O7": 0.6809871507405362,
    "Pb(CO2)2": 0.6790656188435358,
    "Pb3SO6": 0.6615555231693211,
    "Pb(SeO3)2": 0.672711783891562,
    "PdSO4": 0.5839871852382432,
    "PdSeO3": 0.5840841167586405,
    "PdSeO4": 0.6225636117145253,
    "PdSe2O5": 0.5967791057984958,
    "Pt(PbO2)2": 0.5351361953655349,
    "Si3Pb11O17": 0.669845182458182,
    "SnWO4": 0.6505387204098251,
    "SrHfS3": 0.6990484726726299,
    "SrPbO3": 0.6091230626796654,
    "SrSe2O5": 0.6549312107741327,
    "Sr3Te4O11": 0.6468863623252882,
    "SrZrS3": 0.5322497790006777,
    "Te3SeO8": 0.6880744262360857,
    "TiGePt": 0.627968601511777,
    "TiSnPt": 0.627773092913574,
    "Zn3TeO6": 0.6247281512701394,
    "ZrSnS3": 0.6625640552682525,
    "BaCa2(SiO3)3": 0.6928562122075599,
    "Ba2Ge(TeSe)2": 0.531488864266557,
    "Ba2ZnTeO6": 0.5689792452515775,
    "CaMg2(SO4)3": 0.6553505017192908,
    "CaMg3Si3O10": 0.6644982977600025,
    "Ca2Si3PbO9": 0.6947546984857934,
    "CaTi4(PdO4)3": 0.5680552806912873,
    "CaZnSi3O8": 0.6936412115747692,
    "CaZrGeO5": 0.6602121706132161,
    "GePb(S2O7)3": 0.6854777545187571,
    "MgTe(PbO3)2": 0.647622816291993,
    "MoPbSeO6": 0.6714987399000977,
    "Mo2PbSe2O11": 0.6704445425355094,
    "Os2C6SO6": 0.6684839820665923,
    "Os3C9S2O9": 0.6830413359809794,
    "Os3C10SO10": 0.6674943525717163,
    "Os4C13SO13": 0.66606636928708,
    "Os2C6SeO6": 0.6538822271650933,
    "Os3C9Se2O9": 0.6833945225218119,
    "Ru3C9Se2O9": 0.6602278182407723,
    "Sr2MgTeO6": 0.34527802175563976,
    "SrMo2Se2O11": 0.6587057188846488,
    "Sr4Pt4PbO11": 0.4119780420679629,
    "Sr2ZnWO6": 0.6568849478452887
}