{
    "Ac": 0.42851739560060603,
    "Ac2AgPb": 0.41208285267652617,
    "Ac2CdHg": 0.4210468069932435,
    "Ac2CuGe": 0.35748254162636856,
    "Ac2CuIr": 0.3136227104219503,
    "Ac2GePd": 0.40033036778382625,
    "Ac2HgGe": 0.41220132130859743,
    "Ac2InGa": 0.22488883961766287,
    "Ac2IrAu": 0.31655411234730063,
    "Ac2IrPd": 0.3517251307657042,
    "Ac2IrRh": 0.35295989567958375,
    "Ac2MgGa": 0.35946720992434383,
    "Ac2MgPb": 0.42090334746901414,
    "Ac2MgSn": 0.4233564908370108,
    "Ac2MgTl": 0.4018341926183092,
    "Ac2NiIr": 0.37033950939486143,
    "Ac2SiPd": 0.4146993197447858,
    "Ac2TlCd": 0.41056229830969226,
    "Ac2TlIn": 0.25173598571050165,
    "Ac2TlSn": 0.4143565302476702,
    "Ac2ZnGe": 0.4193074303350236,
    "Ac2ZnHg": 0.42155464495632466,
    "Ac2ZnIn": 0.2623020510493946,
    "Ac3In": 0.2611365108844899,
    "Ac3Tl": 0.40817194151486513,
    "AcAg": 0.39124969570100837,
    "AcAg2Pb": 0.3874937931981692,
    "AcAg3": 0.3652576641811621,
    "AcAl3": 0.18734622467735187,
    "AcAu3": 0.26481984050012664,
    "AcCdHg2": 0.40827114474091997,
    "AcCdRh2": 0.38741859643141097,
    "AcCu3": 0.25903689383227113,
    "AcCuO3": 0.39115347344829104,
    "AcEuAu2": 0.23932391204646739,
    "AcEuZn2": 0.3233923756031105,
    "AcGe3": 0.387575805003743,
    "AcH2": 0.3817363413891771,
    "AcHg3": 0.39680455034823636,
    "AcHgRh2": 0.3802151128274978,
    "AcIn3": 0.09576426716304254,
    "AcInHg2": 0.24987748247884733,
    "AcLaCd2": 0.28751625252233587,
    "AcMg": 0.41016847589062955,
    "AcMg5": 0.3902755259544582,
    "AcMgCd2": 0.4138866422057287,
    "AcMgHg2": 0.40201772411207737,
    "AcMgTl2": 0.3805314580932858,
    "AcMgZn2": 0.4160967375399509,
    "AcMnO3": 0.3575806940597553,
    "AcNiO3": 0.4470121363097829,
    "AcPbAu2": 0.31256369420332925,
    "AcRh2Pb": 0.3879534542323658,
    "AcTiO3": 0.43297209638096423,
    "AcTlAg2": 0.36989809971650767,
    "AcTlAu2": 0.29897473024890403,
    "AcTlHg2": 0.3913011501883289,
    "AcTlRh2": 0.3713454008756824,
    "AcVO3": 0.3266324885794253,
    "AcYbHg2": 0.3927859118776548,
    "AcYbRh2": 0.3757069819094721,
    "AcYbTl2": 0.37288479840532934,
    "Ag": 0.34217809040761205,
    "Ag(TeMo)6": 0.30047802342601465,
    "Ag2Br3": 0.2641583442007434,
    "Ag2Cl3": 0.2638813029082022,
    "Ag2F": 0.3468241242277037,
    "Ag2F5": 0.25033142867726316,
    "Ag2O": 0.3777742474836651,
    "Ag2Se": 0.3100081634892158,
    "Ag2SnHgSe4": 0.34923647292077775,
    "Ag2Te": 0.30239514176133403,
    "Ag3(PO4)2": 0.39737459901873623,
    "Ag3Au": 0.3096970943307866,
    "Ag3O4": 0.3246126655399675,
    "Ag3Pd": 0.33262037087557156,
    "Ag3S4(O3F)4": 0.3391108891967742,
    "Ag5(PbO3)2": 0.3946170283322087,
    "Ag5HgSbO6": 0.3560306205592655,
    "Ag6GeSO8": 0.39185029634980467,
    "Ag6HgNO11": 0.35210153968389424,
    "Ag7AsSe6": 0.36710142816015806,
    "Ag7NO11": 0.3500537828699794,
    "Ag8GeSe6": 0.33009670119788315,
    "AgAsF7": 0.30911088134701264,
    "AgAu3": 0.2473348864732763,
    "AgAuF7": 0.30768315953855685,
    "AgBF5": 0.30600975459037,
    "AgF": 0.3564071468719528,
    "AgF2": 0.32366600205222107,
    "AgHO2": 0.30878441527692135,
    "AgHgPd2": 0.3522452883313596,
    "AgIrF7": 0.3085734698642015,
    "AgO": 0.3782444147572649,
    "AgPd": 0.3349672866572418,
    "AgPdF6": 0.24977721931981042,
    "AgPdO2": 0.3115159319334835,
    "AgPt": 0.3690855214101553,
    "AgPtF6": 0.255373409553235,
    "AgRhF6": 0.250952716410712,
    "AgRuF7": 0.2868508253898527,
    "AgRuO4": 0.3783366591776411,
    "AgSO4": 0.30098408885254274,
    "AgSnSe2": 0.3987990551711948,
    "AgTe4Au": 0.29893363138949497,
    "Al": 0.14067461126358743,
    "Al(Ag3Se2)3": 0.3546257993860826,
    "Al(CrB)2": 0.22544971777343958,
    "Al(FeB)2": 0.23101274793004797,
    "Al(Ni3B2)4": 0.2768240379435119,
    "Al11(CoSi)6": 0.13794976945142645,
    "Al11Re4": 0.10031951380656605,
    "Al12Re": 0.14062829245298736,
    "Al12Tc": 0.1535212678853617,
    "Al13Fe4": 0.14899437706180385,
    "Al13Os4": 0.14612286898142976,
    "Al13Ru4": 0.13885440014187908,
    "Al2(Ni7B2)3": 0.34191824619938815,
    "Al2(Zn13Pd3)3": 0.38589439227852723,
    "Al21Pd8": 0.170337541759735,
    "Al21Pt8": 0.17970889660680386,
    "Al23B50": 0.12266626820305891,
    "Al27(FeNi2)2": 0.11627274244275454,
    "Al2Au": 0.16655263061846293,
    "Al2CoIr": 0.14438521216073125,
    "Al2CoNi": 0.16239750646110507,
    "Al2CoO4": 0.25259744466211853,
    "Al2CoOs": 0.16515590497266958,
    "Al2CoRu": 0.15667710543210658,
    "Al2Cu": 0.1650024292071882,
    "Al2CuIr": 0.1648495729459933,
    "Al2FeCo": 0.16937621893039648,
    "Al2FeIr": 0.21320587933813348,
    "Al2FeNi": 0.23988480267006865,
    "Al2FeO4": 0.32513929260805957,
    "Al2IrOs": 0.20804930694957857,
    "Al2IrRh": 0.20309059672134938,
    "Al2IrRu": 0.1972460974132772,
    "Al2NiOs": 0.24477674596532153,
    "Al2NiRu": 0.23220614241965898,
    "Al2OsRh": 0.2329354106611072,
    "Al2PdRu": 0.21891158345744371,
    "Al2Pt": 0.2052656902254139,
    "Al2RuPt": 0.22912641370119682,
    "Al2RuRh": 0.22079642030668029,
    "Al2VNi9": 0.30391378945245157,
    "Al3(BRu2)2": 0.20934754065018532,
    "Al3(Ni10B3)2": 0.3295771737159187,
    "Al3(V3C2)4": 0.16582860593348267,
    "Al37(Fe6Cu)2": 0.1470980339139974,
    "Al3Cr": 0.17817484764998373,
    "Al3Ga3Ni10": 0.23875643256019963,
    "Al3Ir": 0.159607152497421,
    "Al3Mo": 0.14134583203396814,
    "Al3Ni": 0.17170542875332712,
    "Al3Ni2": 0.21967226617813923,
    "Al3Ni5": 0.2630266348992179,
    "Al3Pd2": 0.1999194356390621,
    "Al3Pd5": 0.22436918203888803,
    "Al3Pt2": 0.21524217041188726,
    "Al3Pt5": 0.2507560331581179,
    "Al3Ru2": 0.19079053437714608,
    "Al3V": 0.1229058986004186,
    "Al45Cr7": 0.13082673124093497,
    "Al4Cu9": 0.19342447187903744,
    "Al4Ni3": 0.23268992147646195,
    "Al4Tc": 0.13942994446154386,
    "Al53Fe17Si12": 0.14846534630367914,
    "Al5Co2": 0.12442665802685937,
    "Al5Mo": 0.16113357886264115,
    "Al5Rh2": 0.18457320077699127,
    "Al5W": 0.16754387396517853,
    "Al6CoCu3": 0.1517917846272301,
    "Al6Ru": 0.14523741269305657,
    "Al7FeCu2": 0.16691439825189489,
    "Al8Mo3": 0.14414978717508192,
    "Al9Co2": 0.1065943595042271,
    "Al9Ir2": 0.12655441068763656,
    "Al9Rh2": 0.13719958445576505,
    "AlAg3": 0.2684071370346178,
    "AlAsPt5": 0.309659970516505,
    "AlAu": 0.14286322273705288,
    "AlAu2": 0.17481271917479493,
    "AlAu4": 0.20171007415468087,
    "AlBMo": 0.1911884044622386,
    "AlBW": 0.20703044707941493,
    "AlCo": 0.11449775584431984,
    "AlCr2C": 0.3155245467057353,
    "AlCr3B4": 0.2209420191903616,
    "AlCr4AgS8": 0.3950471190064002,
    "AlCr4CuS8": 0.38271106404441047,
    "AlCr4CuSe8": 0.37912359796755074,
    "AlCrRu2": 0.276314426254548,
    "AlCu": 0.14291905128374746,
    "AlCu3": 0.17994347664629678,
    "AlCuAu2": 0.1993761429080969,
    "AlCuPd2": 0.2491407032566066,
    "AlCuPt2": 0.26058175957636415,
    "Al(BH4)3": 0.5346445640003674,
    "Al6B5(O5F)3": 0.6306459068274957,
    "AlF3": 0.5162976011176713,
    "AlH10N2OF5": 0.6414694875200443,
    "AlH12(OF)5": 0.5845403411498075,
    "AlH12C4NF4": 0.46391688525261243,
    "AlH15(OF)6": 0.5423708911471976,
    "AlH4NF4": 0.620598418634334,
    "AlH8N2O2F5": 0.5876989173060827,
    "Ar": 0.6980756009599205,
    "B(HO)3": 0.5429366668671339,
    "B10H11C2": 0.4846749365383936,
    "B2H5": 0.4996233318568749,
    "B2O3": 0.6612587781797539,
    "B2S2O9": 0.6049695163735674,
    "BF3": 0.37154059837750103,
    "BH10C3NF4": 0.5407873570048456,
    "BH11C4NClF4": 0.5812956513731536,
    "BH2NCl2": 0.5214721421295876,
    "BH2OF3": 0.5117126560947796,
    "BH3NF3": 0.5213703046832647,
    "BH3NF4": 0.42580019406202674,
    "BH3OF4": 0.442151649767709,
    "BH4C4N5": 0.6391903542750638,
    "BH4NF4": 0.5613699932862088,
    "BH4O2F3": 0.5638856118420069,
    "BH5(NF2)2": 0.5627713118697765,
    "BH5(OF2)2": 0.5524270585364293,
    "BH6N": 0.5909308836889307,