{
    "S6S10": 0.8747728886888815,
    "S8": 0.8747728886888815,
    "S12": 0.8747728886888815,
    "S13": 0.8747728886888815,
    "S14": 0.8747728886888815,
    "S18": 0.8747728886888815,
    "S20": 0.8747728886888815,
    "Se": 0.7284188668462191,
    "Se6": 0.7284188668462191,
    "Se8": 0.7284188668462191,
    "BaC2": 0.7434108317987176,
    "BaO": 0.9272912592899818,
    "BaO2": 0.9207333025969371,
    "BaS": 0.9289351149313739,
    "BaS2": 0.7123384397309029,
    "BaS3": 0.7933543718225146,
    "BaSe": 0.9056225935505143,
    "BaTe": 0.8503576464508705,
    "CS14": 0.9315610423122705,
    "CaC2": 0.7760005932730734,
    "CaO": 0.9719594735970397,
    "CaO2": 0.946559270279373,
    "CaS": 0.9941886567451415,
    "CaSe": 0.9737356534259647,
    "CaTe": 0.8938139680536406,
    "GeO2": 0.7500969995941336,
    "GeSe2": 0.7017394223911936,
    "Mg2C3": 0.7615810758700097,
    "MgO": 0.9417090210031646,
    "MgS": 0.9228493237014815,
    "MgSe": 0.9159466136035814,
    "MgSe2": 0.9153489174016222,
    "MoS2": 0.717756181547523,
    "MoSe2": 0.7427135863871152,
    "PbO": 0.8246324850513655,
    "Pb3O4": 0.7503774511986249,
    "SeO2": 0.9093337586427368,
    "SeO3": 0.9365840958112597,
    "Se2O5": 0.7738182111021275,
    "SiC": 0.9055610172367318,
    "SiO2": 0.9436163417691064,
    "SiS2": 0.8515738143241461,
    "SiSe2": 0.7859620111051161,
    "SrC2": 0.7527209972114965,
    "SrO": 0.8887027059929278,
    "SrO2": 0.892268967647409,
    "SrS": 0.9259731866726387,
    "SrS2": 0.7681663987517328,
    "SrSe": 0.918074658077643,
    "SrTe": 0.8702633262356619,
    "TeO2": 0.773894834931542,
    "TeO3": 0.7884854759903546,
    "TiO2": 0.8962513760788698,
    "WO3": 0.7707091887870791,
    "WSe2": 0.8400850061322485,
    "ZnO2": 0.9621326144892053,
    "ZnS": 0.9217825530518444,
    "ZnS2": 0.8365709531231931,
    "ZnSe": 0.7754395952319236,
    "ZnTe": 0.7466258230476559,
    "ZrO2": 0.7537973600514332,
    "ZrS2": 0.7200302639081165,
    "BaCO3": 0.8821105559516847,
    "BaCrO4": 0.8396538736354134,
    "BaCr2O7": 0.7884376104098917,
    "BaGe4O9": 0.8642524572514563,
    "BaGeS3": 0.762045360329706,
    "BaGe2S5": 0.9365536388199112,
    "Ba2GeS4": 0.8507648269731466,
    "Ba3GeS5": 0.8387757396077936,
    "Ba2Ge2Se5": 0.7404672966440665,
    "BaMoO4": 0.853276866565303,
    "Ba2PbO4": 0.7616443615523202,
    "Ba4PtO6": 0.8837861405571283,
    "Ba5Pt2O9": 0.8501482257014317,
    "BaPt2S3": 0.7636087229830665,
    "BaSO4": 0.8568021406699095,
    "BaS4O13": 0.807452635548176,
    "BaSeO3": 0.7626577791047722,
    "BaSeO4": 0.8663546330868537,
    "BaSe2O5": 0.7643071734576912,
    "BaSiO3": 0.7935268567032715,
    "BaSi2O5": 0.8901044999557468,
    "BaSi4O9": 0.970383609438735,
    "Ba2SiO4": 0.8740491592287946,
    "Ba2Si3O8": 0.7932647084278905,
    "Ba3SiO5": 0.8815476325191233,
    "Ba5Si8O21": 0.7964272075692485,
    "Ba2SiS4": 0.8281299505725748,
    "Ba3SiS5": 0.8210298345000233,
    "Ba2SiSe4": 0.7578425199919104,
    "Ba2SnO4": 0.9247838848185017,
    "BaSnS2": 0.7154042422899158,
    "BaSn2S5": 0.7866344742430713,
    "Ba2SnS4": 0.7544043018731947,
    "Ba3Sn2S7": 0.7775943611202103,
    "Ba7Sn3Se13": 0.7681510877069818,
    "BaTeO3": 0.7632713345502311,
    "Ba(TeO3)2": 0.8417992678309562,
    "BaTe3O7": 0.7577201520513075,
    "BaTe4O9": 0.7609563733372576,
    "Ba2TeO": 0.8509897284513814,
    "Ba3Te2O9": 0.9590074851475027,
    "BaTeS3": 0.8460911571876026,
    "BaTi4O9": 0.8418710272775316,
    "BaTi5O11": 0.7603372023620388,
    "Ba2TiO4": 0.7591119430791005,
    "Ba4Ti13O30": 0.8559395964234966,
    "Ba6Ti17O40": 0.7652410723450228,
    "Ba2TiS4": 0.8407967913618467,
    "Ba3TiS5": 0.7981837823283648,
    "BaWO4": 0.9059965862849482,
    "Ba2WO5": 0.8304618923805682,
    "Ba3W2O9": 0.9249085411554743,
    "BaZnO2": 0.9273501776405743,
    "Ba2ZnO3": 0.7686529032903281,
    "Ba2ZnS3": 0.8438912112865427,
    "Ba2ZnSe3": 0.7866119199044814,
    "Ba2ZnTe3": 0.7205133851587049,
    "BaZrO3": 0.8671225625668796,
    "Ba2ZrO4": 0.8719630293079637,
    "CaCO3": 0.9729252810525298,
    "Ca(CO2)2": 0.7462507999516004,
    "CaCrO4": 0.9526191921253694,
    "CaGe2O5": 0.8523269063897123,
    "Ca2GeO4": 0.8618798356848032,
    "Ca2Ge7O16": 0.8716148212274458,
    "Ca2GeS4": 0.8793801213560258,
    "CaHfO3": 0.8074989211732346,
    "Ca2Hf7O16": 0.8217876556518642,
    "Ca6Hf19O44": 0.8257294402192212,
    "CaHfS3": 0.72368238489846,
    "CaMoO4": 0.8584258027723803,
    "Ca2PbO4": 0.7923112405794458,
    "Ca4PdO6": 0.9099300798804179,
    "CaPtO3": 0.7531542501306305,
    "Ca2Pt3O8": 0.7632120942085008,
    "Ca4PtO6": 0.9678765212298794,
    "CaSO4": 0.8748715062156333,
    "CaS3O10": 0.8070886115449164,
    "CaSeO3": 0.8034555253674573,
    "CaSeO4": 0.8852969694579577,
    "CaSe2O5": 0.8718348117647727,
    "Ca2SiO4": 0.8991435726000641,
    "Ca3Si2O7": 0.8839432722460726,
    "Ca8Si5O18": 0.9016899951839343,
    "Ca2SiS4": 0.8512359102733826,
    "Ca2SiSe4": 0.8938669188500492,
    "CaSnO3": 0.8981690166130533,
    "Ca2SnO4": 0.879968295406329,
    "Ca2SnS4": 0.8942613653446353,
    "CaTeO4": 0.898296922257388,
    "CaTe2O5": 0.7751668766481512,
    "CaTe3O8": 0.7936364149181612,
    "Ca3TeO6": 0.7719013961565453,
    "Ca4Te5O14": 0.8651399970519684,
    "Ca5Te3O14": 0.8694401077122046,
    "CaTiO3": 0.8745166661540401,
    "CaWO4": 0.9220997945708673,
    "Ca3WO6": 0.9424670844538743,
    "CaZrO3": 0.8682662073683773,
    "CaZr4O9": 0.7733050862122728,
    "CaZrS3": 0.7172430228301679,
    "CrPbO4": 0.7806971644614178,
    "CrPb2O5": 0.7518526663016287,
    "CrPb5O8": 0.7683580689614044,
    "GePbO3": 0.9145093567113082,
    "GePb5O7": 0.875533162163183,
    "Ge3PbO7": 0.8292893662710691,
    "GePbS3": 0.7245652058229273,
    "Ge(PbS2)2": 0.7568579364283189,
    "Ge(SeO3)2": 0.7750041616059014,
    "Ge(TeO3)2": 0.7803002151432613,
    "HfGeO4": 0.8186866808995835,
    "Hf(MoO4)2": 0.839272434976873,
    "HfPbO3": 0.7824520097173661,
    "HfPbS3": 0.7027049756896735,
    "HfSO": 0.7917592240174501,
    "HfSiO4": 0.8729364721091459,
    "HfTe3O8": 0.9272460218850076,
    "Hf(WO4)2": 0.9210425724936097,
    "MgCO3": 0.9519359839178815,
    "MgCrO4": 0.8802482541816712,
    "MgGeO3": 0.7698224960767722,
    "Mg2GeO4": 0.8876908367224542,
    "Mg14Ge5O24": 0.8318566863147813,
    "Mg2GeS4": 0.8483532382497272,
    "Mg2GeSe4": 0.7541630361153647,
    "MgMoO4": 0.7362316510859244,
    "MgMo2O7": 0.7398532160263785,
    "MgSO4": 0.8768936635385126,
    "MgSeO3": 0.8725808880388751,
    "MgSeO4": 0.8600138292344635,
    "MgSe2O5": 0.8349138782894,
    "MgSiO3": 0.7904550637979745,
    "Mg2SiO4": 0.8759005282995485,
    "Mg14Si5O24": 0.863190132600246,
    "Mg2SiS4": 0.8327269375790898,
    "Mg2SiSe4": 0.855161285502382,
    "MgTe2O5": 0.885262611872216,
    "Mg2Te3O8": 0.7715862800940538,
    "Mg3TeO6": 0.8999283974989744,
    "MgTiO3": 0.8867439829285437,
    "MgTi2O5": 0.8455285412687249,
    "MgWO4": 0.7683337126669224,
    "MoPbO4": 0.8500720535292988,
    "MoPb2O5": 0.7334799116326942,
    "MoPb5O8": 0.7759544265085091,
    "MoSO6": 0.7352054772132044,
    "PbCO3": 0.8588730659208289,
    "Pb2CO4": 0.7865586464516022,
    "PbSO3": 0.8724039458712008,
    "PbSO4": 0.8867561404948485,
    "PbS2O3": 0.8658368026152994,
    "Pb2SO5": 0.7477834634642128,
    "Pb5SO8": 0.7844282448605663,
    "PbSeO3": 0.7666842088664626,
    "PbSeO4": 0.7597176704737758,
    "PbSe2O5": 0.7570137964081142,
    "PbWO4": 0.7661875235867753,
    "Pb2WO5": 0.7367087017177257,
    "SiPbO3": 0.7567465051138149,
    "Si(PbO2)2": 0.7938751719527685,
    "Si2Pb3O7": 0.9540806169498606,
    "Si(PbS2)2": 0.7837404777409341,
    "Si(PbSe2)2": 0.7421937247859667,
    "Sn(CO2)2": 0.8021909603791928,
    "SnGeS3": 0.7120397684871456,
    "SnPbO3": 0.7574181748839708,
    "Sn(PbO2)2": 0.9252252587906273,
    "SnSO4": 0.8918937141519668,
    "Sn(SO2)2": 0.7915012461028383,
    "Sn2SO5": 0.9083944769385166,
    "Sn(SeO3)2": 0.9764200861864089,
    "SnTe3O8": 0.9275518655487599,